Metric,Value
R-squared,0.012430096673327506
Adj. R-squared,0.008825826953157256
F-statistic,3.4487143411509256
Prob (F-statistic),0.016271544635389927
Number of Observations,826.0
MSE,0.9863742981168337
