Variable,Skewness_Coef,Skewness_p,Skewness_Sig,Kurtosis_Coef,Kurtosis_p,Kurtosis_Sig,Std_Coef,Std_p,Std_Sig,Variable_Coef,Variable_p,Variable_Sig,R-squared
Mean,0.06447497850695004,0.6176780203959726,,-0.18562917049509264,0.2484816611670555,,0.06295445144729007,0.7579227903545391,,-0.20200048979601365,0.23635170060926716,,0.039329305524157254
Median,0.06112565231628294,0.6360875259262131,,-0.18722217014455417,0.2455547893273264,,0.0648163294072885,0.7513102690441711,,-0.2032849771572307,0.2329795746269809,,0.03950157000035792
Fear and Greed Index,-0.012975105165588075,0.9291140208395692,,-0.034478182322416645,0.8080575180289232,,-0.19346117908410373,0.11244006463571195,,0.13487901303647953,0.25471610489804086,,0.038440414439059434
T-1 Return,0.11057261772562374,0.4452824792389679,,-0.12083315016848417,0.40705145484867333,,-0.1393700710315004,0.21578468999350398,,-0.07448443241354819,0.4732568788109258,,0.03178504276253313
T-2 Return,0.06035864672183981,0.6489842914734956,,-0.08138049281693874,0.5517692379939683,,-0.14000365764221445,0.2146886928420448,,0.01453222834518052,0.8780138862284028,,0.02758921589436092
T-3 Return,0.06457719901116088,0.6242633837700217,,-0.0833971380586458,0.5435010008906178,,-0.14005134293286076,0.21459656931358145,,-0.00069751238287566,0.9940781354140316,,0.027387832493295794
T-4 Return,0.08420443076105955,0.5206349294367947,,-0.09693313570831459,0.4773684663582979,,-0.1395912253652395,0.21420288871419366,,-0.09054640693146171,0.3331943586192043,,0.03537888077148066
