Variable,Kurtosis_Coef,Kurtosis_p,Kurtosis_Sig,Median_Coef,Median_p,Median_Sig,Fear and Greed Index_Coef,Fear and Greed Index_p,Fear and Greed Index_Sig,Variable_Coef,Variable_p,Variable_Sig,R-squared
Mean,-0.1584282441055303,0.22649176256708814,,0.003005531372074155,0.9996572430401269,,0.2186486256002458,0.07920809428829226,*,-0.2736890235792467,0.9689331771052463,,0.06660759678489203
Std,-0.2298971736991226,0.11395045412506175,,-0.36197574844512104,0.05234337067425467,*,0.22542134558485744,0.04958558634370562,**,0.12495346390221644,0.5355581703103445,,0.06974634756846143
Skewness,-0.11816944623836872,0.35333064273057424,,-0.280570971609817,0.013087338030498606,**,0.25057349046117877,0.05733906231874162,*,-0.07524795469768308,0.6069699848005856,,0.06876868040930617
VIX,-0.16333837418364353,0.09779443522143934,*,-0.26964866327326187,0.015180427196083084,**,0.22058623884181247,0.10218565083991642,,0.006115952216213275,0.9570203740568946,,0.06661900820266253
T-1 Return,-0.18692668297361842,0.05314667921899351,*,-0.2920805386775105,0.00903029418358764,***,0.282490506752134,0.02373294372970612,**,-0.12786451494681525,0.20159499366309655,,0.07991030945407651
T-2 Return,-0.16307452750498805,0.08672412699168765,*,-0.27339195359798685,0.01446696348734376,**,0.2285567929524278,0.05889011986960011,*,-0.028527773334475072,0.7681566700973312,,0.06730948766981859
T-3 Return,-0.1652676303707007,0.08384367092103771,*,-0.27230958628783525,0.014386621924210134,**,0.22857187783261856,0.05474964887404371,*,-0.033429683024405604,0.7254064723095026,,0.06760914588913502
T-4 Return,-0.17022226566449955,0.07254713233349996,*,-0.2754588334556046,0.01260335889089481,**,0.2516715807586914,0.03140204165237222,**,-0.1173824246015088,0.21015974331442452,,0.079420101694467
