Metric,Value
R-squared,0.06167387964957771
Adj. R-squared,0.03719580694478397
F-statistic,2.519556191917833
Prob (F-statistic),0.061480670416807194
Number of Observations,119.0
MSE,0.9304410269020994
