Metric,Value
R-squared,0.005385523426125749
Adj. R-squared,0.001746689975245741
F-statistic,1.4800137183589128
Prob (F-statistic),0.21855001150954406
Number of Observations,824.0
MSE,0.9934074201702652
