Metric,Value
R-squared,0.010465248015525841
Adj. R-squared,0.006844998922899692
F-statistic,2.8907535773827955
Prob (F-statistic),0.03460609313210914
Number of Observations,824.0
MSE,0.9883338602951727
