Metric,Value
R-squared,0.01008351046279643
Adj. R-squared,0.006461864769367609
F-statistic,2.784234383029857
Prob (F-statistic),0.0399218575738399
Number of Observations,824.0
MSE,0.9887151345741731
