Metric,Value
R-squared,0.008404083147764307
Adj. R-squared,0.004776293208061055
F-statistic,2.316584831935353
Prob (F-statistic),0.07433749337994022
Number of Observations,824.0
MSE,0.9903925237492598
