Metric,Value
R-squared,0.00796422876734082
Adj. R-squared,0.004334829604294543
F-statistic,2.194365626253146
Prob (F-statistic),0.0872950760596094
Number of Observations,824.0
MSE,0.9908318443258235
