Metric,Value
R-squared,0.01225796198006257
Adj. R-squared,0.008644271597062825
F-statistic,3.39208971463878
Prob (F-statistic),0.017574766330520807
Number of Observations,824.0
MSE,0.9865433219543792
